id;file_name;file_path;submission_date;documentd_type
1;invoice Tanzanian;Fantastic National;2023-08-23T05:35:18;RESIDENCE
2;transparent parse;wireless engage hacking;2023-08-23T18:10:15;OTHER
3;Investor;hacking Intelligent hack;2023-08-23T05:19:39;RESIDENCE
4;black;Chicken;2023-08-22T21:35:46;INCOME
5;Distributed;AGP Technician sensor;2023-08-23T03:50:56;MEDICAL
6;Borders Cheese Executive;Tools Computers UIC-Franc;2023-08-23T17:56:46;IDENTITY
7;Account;Borders turn-key SSL;2023-08-23T04:02:21;IDENTITY
8;Guyana bricks-and-clicks Circles;Account up Health;2023-08-23T04:51:36;INCOME
9;Unbranded New Chief;New Plastic;2023-08-23T03:48:22;INCOME
10;Idaho Buckinghamshire;Product;2023-08-23T14:07:04;MEDICAL
