id;national_number;name;date_of_birth;gender
1;bi-direction;Clothing Identity;2023-08-22;tan Dinar Berkshire
2;Village Glov;Granite Tasty;2023-08-22;invoice generate calculate
3;QualityXXXXX;Supervisor Home white;2023-08-23;Mayotte
4;Soft TunaXXX;user-facing paradigms;2023-08-23;Engineer
5;approach con;Dollar;2023-08-23;Cross-platform methodology Account
6;synthesizeXX;Global;2023-08-22;Open-architected transitional
7;GlovesXXXXXX;seamless Officer;2023-08-22;SMTP TCP Concrete
8;Electronics ;cross-platform;2023-08-23;Brunei Pizza
9;Optimization;Creek system Awesome;2023-08-23;Awesome cross-platform
10;UtahXXXXXXXX;interfaces synthesizing;2023-08-23;strategize one-to-one Agent
