id;national_number;pension_number;date_of_birth;address
1;turn-key Ver;Movies methodical Wooden;2023-08-23;wireless Sleek
2;capacitor Ho;enterprise;2023-08-23;visionary
3;ShoesXXXXXXX;structure middleware New;2023-08-23;auxiliary index
4;TCP driveXXX;Human;2023-08-23;Corporate Coordinator Manager
5;wirelessXXXX;Administrator;2023-08-23;Borders
6;repurpose in;synthesizing dot-com;2023-08-23;Lead optical optical
7;SQLXXXXXXXXX;Palestinian Wooden Computers;2023-08-22;hacking
8;payment Pant;Dam;2023-08-23;back-end AI
9;composite re;Licensed morph;2023-08-22;Carolina
10;Car THX onli;intuitive Developer;2023-08-22;Metal Walks vertical
